data,sport,dyscyplina,sport_key,turniej,event_id,start,a,b,rodzaj,poziom,klucz,zaklad,szansa,kurs,bo,wynik,trafiony,zysk_na_1zl,status
2026-09-29,tenis,Tenis,tennis_atp_china_open,ATP China Open,cd50cbdecb590b3b66ff69dac64b1c7d,2026-09-30 05:00,Karen Khachanov,Felix Auger-Aliassime,pewne,najpewniejszy,B min. 1 set,Felix Auger-Aliassime wygra min. 1 seta,0.7672,,3.0,2:0 (6:3 6:3),0.0,,
2026-09-29,tenis,Tenis,tennis_atp_china_open,ATP China Open,cd50cbdecb590b3b66ff69dac64b1c7d,2026-09-30 05:00,Karen Khachanov,Felix Auger-Aliassime,pewne,lepszy_kurs,A min. 1 set,Karen Khachanov wygra min. 1 seta,0.6227,,3.0,2:0 (6:3 6:3),1.0,,
2026-09-29,tenis,Tenis,tennis_atp_china_open,ATP China Open,cd50cbdecb590b3b66ff69dac64b1c7d,2026-09-30 05:00,Karen Khachanov,Felix Auger-Aliassime,pewne,ryzykowny,Ponad 2.5 seta,"Ponad 2,5 seta",0.3899,,3.0,2:0 (6:3 6:3),0.0,,
2026-09-29,tenis,Tenis,tennis_wta_china_open,WTA China Open,7dc77d55cdf748e75a18b1dbcd1aae68,2026-09-30 05:00,Darja Vidmanova,Maria Timofeeva,pewne,najpewniejszy,B min. 1 set,Maria Timofeeva wygra min. 1 seta,0.7569,,3.0,0:2 (3:6 3:6),1.0,,
2026-09-29,tenis,Tenis,tennis_atp_japan_open,ATP Japan Open,8b509584519687ab6a46dc6b1f989a58,2026-09-30 04:00,Valentin Vacherot,Alexander Blockx,pewne,najpewniejszy,B min. 1 set,Alexander Blockx wygra min. 1 seta,0.751,,3.0,2:0 (7:6 7:6),0.0,,
2026-09-29,tenis,Tenis,tennis_atp_japan_open,ATP Japan Open,8b509584519687ab6a46dc6b1f989a58,2026-09-30 04:00,Valentin Vacherot,Alexander Blockx,pewne,lepszy_kurs,A min. 1 set,Valentin Vacherot wygra min. 1 seta,0.6412,,3.0,2:0 (7:6 7:6),1.0,,
2026-09-29,tenis,Tenis,tennis_atp_japan_open,ATP Japan Open,8b509584519687ab6a46dc6b1f989a58,2026-09-30 04:00,Valentin Vacherot,Alexander Blockx,pewne,ryzykowny,Ponad 2.5 seta,"Ponad 2,5 seta",0.3922,,3.0,2:0 (7:6 7:6),0.0,,
2026-09-29,tenis,Tenis,tennis_wta_china_open,WTA China Open,3d7ca27dc89b58d3883de95847cfc74e,2026-09-30 05:00,Maya Joint,Sinja Kraus,pewne,najpewniejszy,A,wygra Maya Joint,0.7354,,3.0,1:2 (3:6 6:3 5:7),0.0,,
2026-09-29,tenis,Tenis,tennis_wta_china_open,WTA China Open,3d7ca27dc89b58d3883de95847cfc74e,2026-09-30 05:00,Maya Joint,Sinja Kraus,pewne,lepszy_kurs,Poniżej 2.5 seta,"Poniżej 2,5 seta",0.6428,,3.0,1:2 (3:6 6:3 5:7),0.0,,
2026-09-29,tenis,Tenis,tennis_wta_china_open,WTA China Open,32e7c1cc65b0c3a18b06e9e009cd3e35,2026-09-30 05:00,Elena Gabriela Ruse,Lilli Tagger,pewne,najpewniejszy,B min. 1 set,Lilli Tagger wygra min. 1 seta,0.7222,,3.0,2:0 (6:4 6:2),0.0,,
2026-09-29,tenis,Tenis,tennis_wta_china_open,WTA China Open,32e7c1cc65b0c3a18b06e9e009cd3e35,2026-09-30 05:00,Elena Gabriela Ruse,Lilli Tagger,pewne,lepszy_kurs,Poniżej 2.5 seta,"Poniżej 2,5 seta",0.6052,,3.0,2:0 (6:4 6:2),1.0,,
2026-09-29,tenis,Tenis,tennis_wta_china_open,WTA China Open,32e7c1cc65b0c3a18b06e9e009cd3e35,2026-09-30 05:00,Elena Gabriela Ruse,Lilli Tagger,pewne,ryzykowny,B -1.5,Lilli Tagger wygra bez straty seta,0.3274,,3.0,2:0 (6:4 6:2),0.0,,
2026-09-29,walki,MMA,mma_mixed_martial_arts,MMA,83b93ee5f98afc2720355f0badc41cad,2026-09-30 02:30,Adama Diop,Zaurbek Sabanov,pewne,najpewniejszy,B,wygra Zaurbek Sabanov,0.7775,,,wygrał Adama Diop,0.0,,
2026-09-29,walki,MMA,mma_mixed_martial_arts,MMA,83b93ee5f98afc2720355f0badc41cad,2026-09-30 02:30,Adama Diop,Zaurbek Sabanov,pewne,lepszy_kurs,Pełny dystans,walka potrwa pełny dystans (decyzja sędziów),0.5072,,,,,,
2026-09-29,walki,MMA,mma_mixed_martial_arts,MMA,83b93ee5f98afc2720355f0badc41cad,2026-09-30 02:30,Adama Diop,Zaurbek Sabanov,pewne,ryzykowny,B na punkty,Zaurbek Sabanov wygra na punkty,0.3785,,,,,,
2026-09-29,walki,MMA,mma_mixed_martial_arts,MMA,449e743f6cd55e4fd2e7045c2cca9d62,2026-09-30 02:55,Loai Abushaar,George Staines,pewne,najpewniejszy,B,wygra George Staines,0.777,,,wygrał George Staines,1.0,,
2026-09-29,walki,MMA,mma_mixed_martial_arts,MMA,449e743f6cd55e4fd2e7045c2cca9d62,2026-09-30 02:55,Loai Abushaar,George Staines,pewne,lepszy_kurs,Pełny dystans,walka potrwa pełny dystans (decyzja sędziów),0.5073,,,,,,
2026-09-29,walki,MMA,mma_mixed_martial_arts,MMA,449e743f6cd55e4fd2e7045c2cca9d62,2026-09-30 02:55,Loai Abushaar,George Staines,pewne,ryzykowny,B na punkty,George Staines wygra na punkty,0.3784,,,,,,
2026-09-29,walki,MMA,mma_mixed_martial_arts,MMA,024fddc413aed022f8da6c28fed6bbfb,2026-09-30 01:15,Ilias Bulaid,Erick Visconde,pewne,najpewniejszy,A,wygra Ilias Bulaid,0.56,,,,,,
2026-09-29,walki,MMA,mma_mixed_martial_arts,MMA,024fddc413aed022f8da6c28fed6bbfb,2026-09-30 01:15,Ilias Bulaid,Erick Visconde,pewne,lepszy_kurs,Pełny dystans,walka potrwa pełny dystans (decyzja sędziów),0.5317,,,,,,
2026-09-29,walki,MMA,mma_mixed_martial_arts,MMA,024fddc413aed022f8da6c28fed6bbfb,2026-09-30 01:15,Ilias Bulaid,Erick Visconde,pewne,ryzykowny,A na punkty,Ilias Bulaid wygra na punkty,0.2934,,,,,,
2026-09-30,tenis,Tenis,tennis_atp_china_open,ATP China Open,726e426c5068e86e57b7f81891e0136e,2026-10-01 04:00,Learner Tien,Hubert Hurkacz,pewne,najpewniejszy,A min. 1 set,Learner Tien wygra min. 1 seta,0.7917,,3.0,,,,
2026-09-30,tenis,Tenis,tennis_atp_china_open,ATP China Open,726e426c5068e86e57b7f81891e0136e,2026-10-01 04:00,Learner Tien,Hubert Hurkacz,pewne,lepszy_kurs,A,wygra Learner Tien,0.6268,,3.0,,,,
2026-09-30,tenis,Tenis,tennis_atp_china_open,ATP China Open,726e426c5068e86e57b7f81891e0136e,2026-10-01 04:00,Learner Tien,Hubert Hurkacz,pewne,ryzykowny,Ponad 2.5 seta,"Ponad 2,5 seta",0.3849,,3.0,,,,
2026-09-30,tenis,Tenis,tennis_atp_china_open,ATP China Open,35b54ab48cccdd5228a9cbb1b90e93f9,2026-09-30 07:00,Jan-Lennard Struff,Thiago Agustin Tirante,pewne,najpewniejszy,B min. 1 set,Thiago Agustin Tirante wygra min. 1 seta,0.7836,,3.0,,,,
2026-09-30,tenis,Tenis,tennis_atp_china_open,ATP China Open,35b54ab48cccdd5228a9cbb1b90e93f9,2026-09-30 07:00,Jan-Lennard Struff,Thiago Agustin Tirante,pewne,lepszy_kurs,B,wygra Thiago Agustin Tirante,0.6154,,3.0,,,,
2026-09-30,tenis,Tenis,tennis_atp_china_open,ATP China Open,35b54ab48cccdd5228a9cbb1b90e93f9,2026-09-30 07:00,Jan-Lennard Struff,Thiago Agustin Tirante,pewne,ryzykowny,B -1.5,Thiago Agustin Tirante wygra bez straty seta,0.3969,,3.0,,,,
2026-09-30,tenis,Tenis,tennis_wta_china_open,WTA China Open,7dc77d55cdf748e75a18b1dbcd1aae68,2026-09-30 05:00,Darja Vidmanova,Maria Timofeeva,pewne,lepszy_kurs,Poniżej 2.5 seta,"Poniżej 2,5 seta",0.6066,,3.0,0:2 (3:6 3:6),1.0,,
2026-09-30,tenis,Tenis,tennis_wta_china_open,WTA China Open,7dc77d55cdf748e75a18b1dbcd1aae68,2026-09-30 05:00,Darja Vidmanova,Maria Timofeeva,pewne,ryzykowny,B -1.5,Maria Timofeeva wygra bez straty seta,0.3469,,3.0,0:2 (3:6 3:6),1.0,,
2026-09-30,tenis,Tenis,tennis_wta_china_open,WTA Pekin (China Open),018b47464f16ca78f46bd6e72e2227a2,2026-09-30 08:30,Oleksandra Oliynykova,Yue Yuan,pewne,najpewniejszy,B min. 1 set,Yue Yuan wygra min. 1 seta,0.7998,,3.0,,,,
2026-09-30,tenis,Tenis,tennis_wta_china_open,WTA Pekin (China Open),018b47464f16ca78f46bd6e72e2227a2,2026-09-30 08:30,Oleksandra Oliynykova,Yue Yuan,pewne,lepszy_kurs,Poniżej 2.5 seta,"Poniżej 2,5 seta",0.6398,,3.0,,,,
2026-09-30,tenis,Tenis,tennis_wta_china_open,WTA Pekin (China Open),018b47464f16ca78f46bd6e72e2227a2,2026-09-30 08:30,Oleksandra Oliynykova,Yue Yuan,pewne,ryzykowny,A,wygra Oleksandra Oliynykova,0.3529,,3.0,,,,
2026-09-30,tenis,Tenis,tennis_atp_china_open,ATP Pekin (China Open),cc2d916c71c7c424e48b2025e02ead52,2026-09-30 11:00,Zhizhen Zhang,Arthur Gea,pewne,najpewniejszy,B,wygra Arthur Gea,0.7899,,3.0,,,,
2026-09-30,tenis,Tenis,tennis_atp_china_open,ATP Pekin (China Open),cc2d916c71c7c424e48b2025e02ead52,2026-09-30 11:00,Zhizhen Zhang,Arthur Gea,pewne,lepszy_kurs,B -1.5,Arthur Gea wygra bez straty seta,0.5632,,3.0,,,,
2026-09-30,tenis,Tenis,tennis_atp_china_open,ATP Pekin (China Open),8e1b1ccdaf9bc406f149cfba186e0337,2026-10-01 04:00,Alexander Bublik,Jakub Mensik,pewne,najpewniejszy,B min. 1 set,Jakub Mensik wygra min. 1 seta,0.7775,,3.0,,,,
2026-09-30,tenis,Tenis,tennis_atp_china_open,ATP Pekin (China Open),8e1b1ccdaf9bc406f149cfba186e0337,2026-10-01 04:00,Alexander Bublik,Jakub Mensik,pewne,lepszy_kurs,Poniżej 2.5 seta,"Poniżej 2,5 seta",0.612,,3.0,,,,
2026-09-30,tenis,Tenis,tennis_atp_china_open,ATP Pekin (China Open),8e1b1ccdaf9bc406f149cfba186e0337,2026-10-01 04:00,Alexander Bublik,Jakub Mensik,pewne,ryzykowny,A,wygra Alexander Bublik,0.3931,,3.0,,,,
2026-09-30,tenis,Tenis,tennis_atp_china_open,ATP Pekin (China Open),e16bcc00525542f000cc3fc617c7abc4,2026-09-30 09:00,Juan Manuel Cerundolo,Bu Yunchaokete,pewne,najpewniejszy,B min. 1 set,Bu Yunchaokete wygra min. 1 seta,0.7769,,3.0,,,,
2026-09-30,tenis,Tenis,tennis_atp_china_open,ATP Pekin (China Open),e16bcc00525542f000cc3fc617c7abc4,2026-09-30 09:00,Juan Manuel Cerundolo,Bu Yunchaokete,pewne,lepszy_kurs,Poniżej 2.5 seta,"Poniżej 2,5 seta",0.6119,,3.0,,,,
2026-09-30,tenis,Tenis,tennis_atp_china_open,ATP Pekin (China Open),e16bcc00525542f000cc3fc617c7abc4,2026-09-30 09:00,Juan Manuel Cerundolo,Bu Yunchaokete,pewne,ryzykowny,A,wygra Juan Manuel Cerundolo,0.394,,3.0,,,,
