data_zapisu,event_id,liga,kraj,start,mecz,gospodarz,gosc,poziom,klucz,zaklad,szansa,kurs_uczciwy,kurs_betclic,zrodlo,ostrzezenie,wynik,trafiony,zysk_na_1zl
2026-09-28 19:21,f3f0913d41ae698f82c06ef5ff26187a,soccer_uefa_nations_league,Reprezentacje,2026-09-28 20:45,Romania – Bosnia & Herzegovina,Romania,Bosnia & Herzegovina,najpewniejszy,Under 3.5,Poniżej 3.5 gola,0.7872,1.27,,rynek (Betfair),False,,,
2026-09-28 19:21,f3f0913d41ae698f82c06ef5ff26187a,soccer_uefa_nations_league,Reprezentacje,2026-09-28 20:45,Romania – Bosnia & Herzegovina,Romania,Bosnia & Herzegovina,lepszy_kurs,X2,X2,0.6113,1.64,,rynek (Betfair),False,,,
2026-09-28 19:21,f3f0913d41ae698f82c06ef5ff26187a,soccer_uefa_nations_league,Reprezentacje,2026-09-28 20:45,Romania – Bosnia & Herzegovina,Romania,Bosnia & Herzegovina,ryzykowny,H o1.5,Romania powyżej 1.5 gola,0.3555,2.81,,rynek (Betfair),False,,,
2026-09-28 19:21,bb8c6293badc2a09ec9d7994c4895a6e,soccer_uefa_nations_league,Reprezentacje,2026-09-28 20:45,Belgium – France,Belgium,France,najpewniejszy,Over 1.5,Powyżej 1.5 gola,0.7859,1.27,,rynek (Pinnacle+Betfair),False,,,
2026-09-28 19:21,bb8c6293badc2a09ec9d7994c4895a6e,soccer_uefa_nations_league,Reprezentacje,2026-09-28 20:45,Belgium – France,Belgium,France,lepszy_kurs,BTTS Tak,Obie strzelą – tak,0.5625,1.78,,rynek (Pinnacle+Betfair),False,,,
2026-09-28 19:21,bb8c6293badc2a09ec9d7994c4895a6e,soccer_uefa_nations_league,Reprezentacje,2026-09-28 20:45,Belgium – France,Belgium,France,ryzykowny,2 & o2.5,2 i powyżej 2.5 gola,0.3338,3.0,,rynek (Pinnacle+Betfair),False,,,
2026-09-28 19:21,8d7b8ce34cb79368b97c0e14cefe817c,soccer_uefa_nations_league,Reprezentacje,2026-09-28 20:45,Sweden – Poland,Sweden,Poland,najpewniejszy,Over 1.5,Powyżej 1.5 gola,0.7771,1.29,,rynek (Betfair),False,,,
2026-09-28 19:21,8d7b8ce34cb79368b97c0e14cefe817c,soccer_uefa_nations_league,Reprezentacje,2026-09-28 20:45,Sweden – Poland,Sweden,Poland,lepszy_kurs,BTTS Tak,Obie strzelą – tak,0.5609,1.78,,rynek (Betfair),False,,,
2026-09-28 19:21,8d7b8ce34cb79368b97c0e14cefe817c,soccer_uefa_nations_league,Reprezentacje,2026-09-28 20:45,Sweden – Poland,Sweden,Poland,ryzykowny,1 & o1.5,1 i powyżej 1.5 gola,0.39,2.56,,rynek (Betfair),False,,,
2026-09-28 19:21,058603d04d090992dc3bbdf040e0f50c,soccer_uefa_nations_league,Reprezentacje,2026-09-28 20:45,Turkey – Italy,Turkey,Italy,najpewniejszy,Over 1.5,Powyżej 1.5 gola,0.7397,1.35,,rynek (Pinnacle+Betfair),False,,,
2026-09-28 19:21,058603d04d090992dc3bbdf040e0f50c,soccer_uefa_nations_league,Reprezentacje,2026-09-28 20:45,Turkey – Italy,Turkey,Italy,lepszy_kurs,1X,1X,0.6163,1.62,,rynek (Pinnacle+Betfair),False,,,
2026-09-28 19:21,058603d04d090992dc3bbdf040e0f50c,soccer_uefa_nations_league,Reprezentacje,2026-09-28 20:45,Turkey – Italy,Turkey,Italy,ryzykowny,A o1.5,Italy powyżej 1.5 gola,0.3902,2.56,,rynek (Pinnacle+Betfair),False,,,
2026-09-28 19:21,ca4e66bc4c5b00d3da48863e51527d13,soccer_uefa_nations_league,Reprezentacje,2026-09-28 20:45,Northern Ireland – Hungary,Northern Ireland,Hungary,najpewniejszy,X2,X2,0.6813,1.47,,rynek (Betfair),False,,,
2026-09-28 19:21,ca4e66bc4c5b00d3da48863e51527d13,soccer_uefa_nations_league,Reprezentacje,2026-09-28 20:45,Northern Ireland – Hungary,Northern Ireland,Hungary,lepszy_kurs,A o0.5,Hungary powyżej 0.5 gola,0.6293,1.59,,rynek (Betfair),False,,,
2026-09-28 19:21,ca4e66bc4c5b00d3da48863e51527d13,soccer_uefa_nations_league,Reprezentacje,2026-09-28 20:45,Northern Ireland – Hungary,Northern Ireland,Hungary,ryzykowny,BTTS Tak,Obie strzelą – tak,0.3877,2.58,,rynek (Betfair),False,,,
