data_zapisu,event_id,liga,start,mecz,gospodarz,gosc,zaklad,rynek,strona,linia,kurs_betclic,bukmacher,kurs_uczciwy,szansa,EV,stawka_sugerowana,wynik,zysk_na_1zl
2026-10-02 06:16,b575f66a4bee31eb4f46cfbb2f3d7182,soccer_uefa_nations_league,2026-10-02 20:45,Bosnia & Herzegovina – Sweden,Bosnia & Herzegovina,Sweden,"Poniżej 2,5 gola",klucz,Under 2.5,0,2.2,Superbet,2.067,0.484,0.0641,13.0,,
2026-10-02 06:16,b575f66a4bee31eb4f46cfbb2f3d7182,soccer_uefa_nations_league,2026-10-02 20:45,Bosnia & Herzegovina – Sweden,Bosnia & Herzegovina,Sweden,"Poniżej 3,5 gola",klucz,Under 3.5,0,1.49,Superbet,1.418,0.705,0.0505,20.0,,
2026-10-02 06:16,a7769e85ee3c914abe40a277de800869,soccer_uefa_nations_league,2026-10-02 20:45,Faroe Islands – Slovakia,Faroe Islands,Slovakia,"Powyżej 2,5 gola",klucz,Over 2.5,0,2.3,Superbet,2.208,0.453,0.0414,8.0,,
2026-10-02 06:21,e5ef3c5aba98aed80abcb9eb0d592bff,soccer_uefa_nations_league,2026-10-02 20:45,France – Italy,France,Italy,"Powyżej 3,5 gola",klucz,Over 3.5,0,2.17,Superbet,2.103,0.476,0.0321,7.0,,
2026-10-02 06:44,e5ef3c5aba98aed80abcb9eb0d592bff,soccer_uefa_nations_league,2026-10-02 20:45,France – Italy,France,Italy,"Powyżej 4,5 gola",klucz,Over 4.5,0,4.0,STS,3.664,0.273,0.0914,8.0,,
2026-10-02 07:29,7db202b104fa0b2c3efc16c9ab45dc1e,soccer_uefa_nations_league,2026-10-02 16:00,Kazakhstan – Moldova,Kazakhstan,Moldova,"Poniżej 1,5 gola",klucz,Under 1.5,0,2.95,STS,2.785,0.359,0.0592,8.0,,
2026-10-02 07:29,7db202b104fa0b2c3efc16c9ab45dc1e,soccer_uefa_nations_league,2026-10-02 16:00,Kazakhstan – Moldova,Kazakhstan,Moldova,Obie strzelą – nie,klucz,BTTS Nie,0,1.77,STS,1.69,0.592,0.0474,15.0,,
2026-10-02 07:29,fdb1dbf27fe19575c7ce64fdfd4bcaa9,soccer_uefa_nations_league,2026-10-02 20:45,Poland – Romania,Poland,Romania,Obie strzelą – nie,klucz,BTTS Nie,0,2.15,STS,2.069,0.483,0.0393,9.0,,
2026-10-02 08:58,2752b34190caefe2813fa470ff2c01d4,soccer_uefa_nations_league,2026-10-02 18:00,Cyprus – Armenia,Cyprus,Armenia,1,klucz,1,0,2.4,STS,2.311,0.433,0.0386,7.0,,
2026-10-02 10:57,fdb1dbf27fe19575c7ce64fdfd4bcaa9,soccer_uefa_nations_league,2026-10-02 20:45,Poland – Romania,Poland,Romania,"Handicap Poland -1,5",klucz,H -1.5,0,2.85,STS,2.63,0.38,0.0838,11.0,,
2026-10-02 10:57,fdb1dbf27fe19575c7ce64fdfd4bcaa9,soccer_uefa_nations_league,2026-10-02 20:45,Poland – Romania,Poland,Romania,1,klucz,1,0,1.75,STS,1.627,0.615,0.076,20.0,,
